sequence,rna_total,dna_total,rna_plus1,dna_plus1,log2_ratio
AAAAAAAAAAAAAAAAAAAAAAAAAAAAAAAAAATGTTCATGTAGGAACAAGAGAAAGAGTTTGAGATGAACAGCCGGTCCCAGGCCAGCTGACAGAGCAACTCCCAAGGGCACTGCCATCAGCTAGATTCTTGGCTGTGGCATA,4,24,5,25,-2.321928094887362
AAAAAAAAAAAAAAAAAAAAAAAAAAAAAAAAGAAGAGACACCAGAGAGCTGGCTCTCTCTGTGCACATATAGAGGAAAGTCCATATGAGGACAAAGTGGCTGTCTGCAAGCCAGGAAGAGAGGCTTCCCTGGAAACTCACCCTG,12,17,13,18,-0.46948528330122025
AAAAAAAAAAAAAAAAAAAAAAAAAAAAAAAAGATTGTGCCCAAGTCAGAGGCCGGCGGCTGCCTCTGCAATTCCCCTAACACCCTGCAGGTGGTTCTCTTGCCTAGCCGAAGGAAGGCCGGCCCGCAGCGCCCTCTACCGGTGC,433,160,434,161,1.4306343543298623
AAAAAAAAAAAAAAAAAAAAAAAAAAAAAAGGAAAAGAAAAAAAATGAGAGTCTGAGATTCTGTTGTGCCTGGGAAAATGTGATCTAATTTTCAGATAATCTTTTAAACCCCAACTATGAACCAGCCCAGCATAGTACTTTCATC,4,3,5,4,0.32192809488736235
AAAAAAAAAAAAAAAAAAAAAAAAAAAAAATATATATATATATATATATATATATATATGTATATATATGCAAATTAAGGGGCAGTGTATGCAGAAACTTCCAGGAAAAGGGTGACAACTTCTGAGTCATCAGGGTTGTTGCCAT,4,3,5,4,0.32192809488736235
AAAAAAAAAAAAAAAAAAAAAAAAAAAAATGTTCATGTAGGAACAAGAGAAAGAGTTTGAGATGAACAGCCGGTCCCAGGCCAGCTGACAGAGCAACTCCCAAGGGCACTGCCATCAGCTAGATTCTTGGCTGTGGCATAAAGTC,187,164,188,165,0.1882666374318216
AAAAAAAAAAAAAAAAAAAAAAAAAAAGAAGAGACACCAGAGAGCTGGCTCTCTCTGTGCACATATAGAGGAAAGTCCATATGAGGACAAAGTGGCTGTCTGCAAGCCAGGAAGAGAGGCTTCCCTGGAAACTCACCCTGTTGGA,155,53,156,54,1.5305147166987798
AAAAAAAAAAAAAAAAAAAAAAAAAAAGAGTGTAAACAGGTAATTTTACTGGGCCTTAGTTTCGTTTCTTCATCTCTCTGATGAGGGGTGTGGCTGAATGACCTCTTTGGGGTTTTTACATTTCACAGTTGTCAATCATAATTTT,5,23,6,24,-2.0
AAAAAAAAAAAAAAAAAAAAAAAAAAAGATTGTGCCCAAGTCAGAGGCCGGCGGCTGCCTCTGCAATTCCCCTAACACCCTGCAGGTGGTTCTCTTGCCTAGCCGAAGGAAGGCCGGCCCGCAGCGCCCTCTACCGGTGCTAGGC,103,45,104,46,1.1768777620840791
AAAAAAAAAAAAAAAAAAAAAAAAAAGTCAGTGAATCCAAAACACTTCCTTAAGCTGCAAGAAGTACACATTTTAACTCAGCCATAAACAAATGACAGGGAAATTGAATGACATGATATTACTAATTTCTTTGCAAATATCATAC,5,3,6,4,0.5849625007211562
AAAAAAAAAAAAAAAAAAAAAAAAAGAGGTGGAGCCAGCTTCCCCTTCCCTGTTTTTGTTATTTGTTTGTTTTAGAGACAGAGTCTCAGTCACTCAGGCTGGAGTGCAGTGGTATGATCAAACTCATTGAAGCCTTGAACTCCTA,9,4,10,5,1.0
AAAAAAAAAAAAAAAAAAAAAAAAAGGAAAAGAAAAAAAATGAGAGTCTGAGATTCTGTTGTGCCTGGGAAAATGTGATCTAATTTTCAGATAATCTTTTAAACCCCAACTATGAACCAGCCCAGCATAGTACTTTCATCATTCA,2,2,3,3,0.0
AAAAAAAAAAAAAAAAAAAAAAAAATATATATATATATATATATATATATATATGTATATATATGCAAATTAAGGGGCAGTGTATGCAGAAACTTCCAGGAAAAGGGTGACAACTTCTGAGTCATCAGGGTTGTTGCCATGGAAA,9,0,10,1,3.321928094887362
AAAAAAAAAAAAAAAAAAAAAAAACCAGGAGCTTTCATCCAGAAGCCCAAAGCTGGAGTGAAGAAGAGCTTCAGACAGTGCCAGAACAAATTTCAAGAGCCAGGCAGAAATAGTCAGGACTTCCAGGGCTCAGAAGTTTATGAGG,0,1,1,2,-1.0
AAAAAAAAAAAAAAAAAAAAAAAACTAAACATTATATCTTGGAGAGATATATTCAAACATGGTAAAACTTCAAAAGAATGGCAAAGAAAAGATTGCTCAAACATTAGCCCAATTGTTAGTCCTGGCAGGGAAGAGAGGCACAATA,9,14,10,15,-0.5849625007211563
AAAAAAAAAAAAAAAAAAAAAAAATGTTCATGTAGGAACAAGAGAAAGAGTTTGAGATGAACAGCCGGTCCCAGGCCAGCTGACAGAGCAACTCCCAAGGGCACTGCCATCAGCTAGATTCTTGGCTGTGGCATAAAGTCAGACA,60,72,61,73,-0.2590872213171309
AAAAAAAAAAAAAAAAAAAAAAGAAAAAGAAAATGGCGAGCTCAGCCCTACAACTGCATAGAACTGAATTCCTCCCACATCTGAATGCCCCAGAAGAGGATTCACCCCCGGAGCCTCCACCCAGGTAACACCTTGATTTGAATCC,838,338,839,339,1.3073855373034793
AAAAAAAAAAAAAAAAAAAAAAGAAGAGACACCAGAGAGCTGGCTCTCTCTGTGCACATATAGAGGAAAGTCCATATGAGGACAAAGTGGCTGTCTGCAAGCCAGGAAGAGAGGCTTCCCTGGAAACTCACCCTGTTGGACCTTG,75,91,76,92,-0.27563444261342734
AAAAAAAAAAAAAAAAAAAAAAGAATGGAGACATTGTTTCCATTGTTCTGGGTTACTACAGGGGCTAAATGAATCACTGACACACAAAGCAGGTACTGCAGGGGCTGGCCAAGCCTGCCTGTCCCTCTCCCTTGGAAGTCCCCGT,158,270,159,271,-0.7692660860695161
AAAAAAAAAAAAAAAAAAAAAAGACAGCGCTGTTACACATTTCAACAGAGCCGTTTAAAAGACATTTATCAGAATTCTGCTGAGCAGGCTTTGAAATTAGTTCTGCTCAGATATTGGAACTTCTTATCTCCGCAGACAAATAGAT,89,71,90,72,0.32192809488736235
